RMSE,MSE,MAE,R2
0.2907538887688295,0.08453782383419689,0.2254922279792746,0.6618396262886599
