RMSE,CV_Mean_RMSE,CV_Std_RMSE,MSE,MAE,R2
0.04739591439373288,0.08464147228725691,0.0023146270959875106,0.0022463727012180554,0.008486087891091466,0.9977869657075721
