class,precision,recall,f1,support
snapshot45667,0.0,0.0,0.0,10
snapshot45673,0.0009203865623561896,1.0,0.0018390804597701149,10
