pipeline,accuracy,precision_macro,recall_macro,f1_macro
Raw Grayscale FFT (Baseline),0.043333333333333335,0.0049350193185809625,0.043333333333333335,0.008546412521307918
Binary Segmented FFT (Flat Black),0.09333333333333334,0.03799744906800868,0.09333333333333332,0.047135332180731286
Tapered (Gaussian-faded) FFT,0.33,0.37366234100593587,0.33,0.31062566398728003
Inpainted (Seamless Background) FFT,0.30333333333333334,0.3799082504821375,0.30333333333333334,0.28125500494518063
Hybrid (Raw FFT + HSV Histogram),0.51,0.6105645410895685,0.51,0.49013555464912706
Multichannel LAB FFT (Color Spectra),0.47,0.4994514603566965,0.47000000000000003,0.45788531701452223
