Metric,Value
RMSE,2.3101383212402973
MAE,1.833074688911438
R-Squared,-0.30363690853118896
MSE,5.3367390632629395
Total Samples,58.0
