Metric,Value
RMSE,2.1119116330589236
MAE,1.3475053310394287
R-Squared,0.6450124382972717
MSE,4.460170745849609
Total Samples,164.0
